Status,Duration,History,Credit amount,Installment rate,Present residence,Age,Existing credits,Number people,label
A14,18.0,A31,1049.0,4.0,4.0,21.0,1.0,2.0,1
A14,9.0,A31,2799.0,2.0,2.0,36.0,2.0,1.0,1
A11,12.0,A30,841.0,2.0,4.0,23.0,1.0,2.0,1
A14,12.0,A31,2122.0,3.0,2.0,39.0,2.0,1.0,1
A14,12.0,A31,2171.0,4.0,4.0,38.0,2.0,2.0,1
A14,10.0,A31,2241.0,1.0,3.0,48.0,2.0,1.0,1
A14,8.0,A31,3398.0,1.0,4.0,39.0,2.0,2.0,1
A14,6.0,A31,1361.0,2.0,4.0,40.0,1.0,1.0,1
A13,18.0,A31,1098.0,4.0,4.0,65.0,2.0,2.0,1
A11,24.0,A30,3758.0,1.0,4.0,23.0,1.0,2.0,1
A14,11.0,A31,3905.0,2.0,2.0,36.0,2.0,1.0,1
A14,30.0,A31,6187.0,1.0,4.0,24.0,2.0,2.0,1
A14,6.0,A31,1957.0,1.0,4.0,31.0,1.0,2.0,1
A11,48.0,A32,7582.0,2.0,4.0,31.0,1.0,2.0,1
A14,18.0,A30,1936.0,2.0,4.0,23.0,2.0,2.0,1
A14,6.0,A30,2647.0,2.0,3.0,44.0,1.0,1.0,1
A14,11.0,A31,3939.0,1.0,2.0,40.0,2.0,1.0,1
A11,18.0,A30,3213.0,1.0,3.0,25.0,1.0,2.0,1
A11,36.0,A31,2337.0,4.0,4.0,36.0,1.0,2.0,1
A13,11.0,A31,7228.0,1.0,4.0,39.0,2.0,2.0,1
A14,6.0,A31,3676.0,1.0,3.0,37.0,3.0,1.0,1
A11,12.0,A31,3124.0,1.0,3.0,49.0,2.0,1.0,1
A11,36.0,A30,2384.0,4.0,1.0,33.0,1.0,2.0,0
A11,12.0,A31,1424.0,4.0,3.0,26.0,1.0,2.0,1
A14,6.0,A31,4716.0,1.0,3.0,44.0,2.0,1.0,1
A11,11.0,A32,4771.0,2.0,4.0,51.0,1.0,2.0,1
A14,12.0,A30,652.0,4.0,4.0,24.0,1.0,2.0,1
A11,9.0,A31,1154.0,2.0,4.0,37.0,3.0,2.0,1
A13,15.0,A30,3556.0,3.0,2.0,29.0,1.0,2.0,1
A12,42.0,A31,4796.0,4.0,4.0,56.0,1.0,2.0,1
A12,30.0,A31,3017.0,4.0,4.0,47.0,1.0,2.0,1
A13,36.0,A31,3535.0,4.0,4.0,37.0,2.0,2.0,1
A13,36.0,A31,6614.0,4.0,4.0,34.0,2.0,2.0,1
A13,24.0,A30,1376.0,4.0,1.0,28.0,1.0,2.0,1
A14,15.0,A30,1721.0,2.0,3.0,36.0,1.0,2.0,1
A14,6.0,A31,860.0,1.0,4.0,39.0,2.0,2.0,1
A13,12.0,A31,1495.0,4.0,1.0,38.0,2.0,1.0,1
A13,12.0,A31,1934.0,2.0,2.0,26.0,2.0,2.0,1
A13,18.0,A30,3378.0,2.0,1.0,31.0,1.0,2.0,1
A13,24.0,A31,3868.0,4.0,2.0,41.0,2.0,2.0,1
A13,12.0,A31,996.0,4.0,4.0,23.0,2.0,2.0,1
A14,24.0,A30,1755.0,4.0,4.0,58.0,1.0,2.0,1
A13,18.0,A31,1028.0,4.0,3.0,36.0,2.0,2.0,1
A11,24.0,A31,2825.0,4.0,3.0,34.0,2.0,1.0,1
A11,18.0,A30,1239.0,4.0,4.0,61.0,1.0,2.0,1
A14,18.0,A30,1216.0,4.0,3.0,23.0,1.0,2.0,0
A13,24.0,A30,1258.0,4.0,1.0,25.0,1.0,2.0,1
A13,18.0,A31,1864.0,4.0,2.0,30.0,2.0,2.0,0
A13,24.0,A30,1474.0,4.0,3.0,33.0,1.0,2.0,1
A14,24.0,A31,1382.0,4.0,1.0,26.0,2.0,2.0,1
A13,12.0,A30,640.0,4.0,2.0,49.0,1.0,2.0,1
A12,36.0,A30,3919.0,2.0,2.0,23.0,1.0,2.0,1
A13,9.0,A31,1224.0,3.0,1.0,30.0,2.0,2.0,1
A13,12.0,A31,2331.0,1.0,4.0,49.0,1.0,2.0,1
A13,24.0,A30,6313.0,3.0,4.0,41.0,1.0,1.0,1
A14,12.0,A31,385.0,4.0,3.0,58.0,4.0,2.0,1
A13,12.0,A31,1655.0,2.0,4.0,63.0,2.0,2.0,1
A14,15.0,A30,1053.0,4.0,2.0,27.0,1.0,2.0,1
A13,21.0,A30,3160.0,4.0,3.0,41.0,1.0,2.0,1
A13,36.0,A30,3079.0,4.0,4.0,36.0,1.0,2.0,1
A13,12.0,A31,1163.0,4.0,4.0,44.0,1.0,2.0,1
A13,24.0,A30,2679.0,4.0,1.0,29.0,1.0,2.0,1
A13,48.0,A31,3578.0,4.0,1.0,47.0,1.0,2.0,1
A13,36.0,A32,10875.0,2.0,2.0,45.0,2.0,1.0,1
A14,12.0,A32,1344.0,4.0,2.0,43.0,2.0,1.0,1
A13,6.0,A31,1237.0,1.0,1.0,27.0,2.0,2.0,1
A13,12.0,A30,3077.0,2.0,4.0,52.0,1.0,2.0,1
A13,24.0,A30,2284.0,4.0,2.0,28.0,1.0,2.0,1
A11,12.0,A30,1567.0,1.0,1.0,22.0,1.0,2.0,1
A13,24.0,A32,2032.0,4.0,4.0,60.0,2.0,2.0,1
A11,21.0,A31,2745.0,3.0,2.0,32.0,2.0,2.0,1
A13,30.0,A30,1867.0,4.0,4.0,58.0,1.0,2.0,1
A13,36.0,A30,2299.0,4.0,4.0,39.0,1.0,2.0,1
A13,24.0,A30,929.0,4.0,2.0,31.0,1.0,2.0,1
A12,12.0,A30,3399.0,2.0,3.0,37.0,1.0,2.0,1
A11,9.0,A30,2030.0,2.0,1.0,24.0,1.0,2.0,1
A13,21.0,A31,3275.0,1.0,4.0,36.0,1.0,2.0,1
A13,24.0,A31,1940.0,4.0,4.0,60.0,1.0,2.0,1
A14,21.0,A31,1602.0,4.0,3.0,30.0,2.0,2.0,1
A13,15.0,A30,1979.0,4.0,2.0,35.0,1.0,2.0,1
A13,24.0,A31,2022.0,4.0,4.0,37.0,1.0,2.0,1
A13,36.0,A31,3342.0,4.0,2.0,51.0,1.0,2.0,1
A11,18.0,A30,5866.0,2.0,2.0,30.0,2.0,2.0,1
A12,15.0,A31,2360.0,2.0,2.0,36.0,1.0,2.0,1
A13,15.0,A31,1520.0,4.0,4.0,63.0,1.0,2.0,1
A14,12.0,A30,3651.0,1.0,3.0,31.0,1.0,1.0,1
A13,24.0,A31,2346.0,4.0,3.0,35.0,2.0,2.0,1
A13,36.0,A32,4454.0,4.0,4.0,34.0,2.0,2.0,1
A14,6.0,A31,666.0,3.0,4.0,39.0,2.0,2.0,1
A11,24.0,A32,1965.0,4.0,4.0,42.0,2.0,2.0,1
A11,12.0,A31,1995.0,4.0,1.0,27.0,1.0,2.0,1
A11,30.0,A30,2991.0,2.0,4.0,25.0,1.0,2.0,1
A11,30.0,A33,4221.0,2.0,1.0,28.0,2.0,2.0,1
A14,9.0,A30,1364.0,3.0,4.0,59.0,1.0,2.0,1
A11,18.0,A31,6361.0,2.0,1.0,41.0,1.0,2.0,1
A13,27.0,A31,4526.0,4.0,2.0,32.0,2.0,1.0,1
A11,12.0,A31,3573.0,1.0,1.0,23.0,1.0,2.0,1
A11,36.0,A32,4455.0,2.0,2.0,30.0,2.0,2.0,0
A14,9.0,A30,2136.0,3.0,2.0,25.0,1.0,2.0,1
A11,42.0,A31,5954.0,2.0,1.0,41.0,2.0,2.0,1
A13,24.0,A31,3777.0,4.0,4.0,40.0,1.0,2.0,1
A14,15.0,A30,806.0,4.0,4.0,22.0,1.0,2.0,1
A11,24.0,A32,4712.0,4.0,2.0,34.0,2.0,2.0,1
A11,36.0,A32,7432.0,2.0,2.0,54.0,1.0,2.0,1
A13,24.0,A31,1851.0,4.0,2.0,33.0,2.0,2.0,1
A13,24.0,A30,1393.0,2.0,2.0,31.0,1.0,2.0,1
A13,12.0,A31,1412.0,4.0,2.0,29.0,2.0,2.0,1
A13,18.0,A30,1473.0,3.0,4.0,39.0,1.0,2.0,1
A13,24.0,A30,1533.0,4.0,3.0,38.0,1.0,2.0,1
A13,12.0,A31,2012.0,4.0,2.0,61.0,1.0,2.0,1
A14,15.0,A30,3959.0,3.0,2.0,29.0,1.0,2.0,0
A14,6.0,A30,428.0,2.0,1.0,49.0,1.0,2.0,1
A11,12.0,A31,2366.0,3.0,3.0,36.0,1.0,2.0,1
A13,12.0,A30,763.0,4.0,1.0,26.0,1.0,2.0,1
A11,21.0,A30,3976.0,2.0,3.0,35.0,1.0,2.0,1
A11,18.0,A30,6260.0,3.0,3.0,28.0,1.0,2.0,1
A11,9.0,A31,1919.0,4.0,3.0,35.0,1.0,2.0,1
A13,24.0,A30,2603.0,2.0,4.0,28.0,1.0,2.0,1
A13,9.0,A31,936.0,4.0,2.0,52.0,2.0,2.0,1
A13,24.0,A30,3062.0,4.0,3.0,32.0,1.0,2.0,1
A11,36.0,A30,4795.0,4.0,1.0,30.0,1.0,2.0,1
A13,36.0,A31,5842.0,2.0,2.0,35.0,2.0,1.0,1
A11,6.0,A30,2063.0,4.0,3.0,30.0,1.0,2.0,1
A13,15.0,A31,1459.0,4.0,2.0,43.0,1.0,2.0,1
A13,15.0,A30,1213.0,4.0,3.0,47.0,1.0,2.0,1
A13,24.0,A31,5103.0,3.0,3.0,47.0,3.0,2.0,1
A13,15.0,A30,874.0,4.0,1.0,24.0,1.0,2.0,1
A13,6.0,A30,2978.0,1.0,2.0,32.0,1.0,2.0,1
A13,18.0,A30,1820.0,2.0,2.0,30.0,1.0,2.0,1
A13,24.0,A31,2872.0,3.0,4.0,36.0,1.0,1.0,1
A12,24.0,A30,1925.0,2.0,2.0,26.0,1.0,2.0,1
A13,18.0,A30,2515.0,3.0,4.0,43.0,1.0,2.0,1
A12,6.0,A30,2116.0,2.0,2.0,41.0,1.0,2.0,1
A13,18.0,A30,1453.0,3.0,1.0,26.0,1.0,2.0,1
A13,10.0,A30,1364.0,2.0,4.0,64.0,1.0,2.0,1
A13,6.0,A30,1543.0,4.0,2.0,33.0,1.0,2.0,1
A11,12.0,A30,1318.0,4.0,4.0,54.0,1.0,2.0,1
A14,24.0,A34,2325.0,2.0,3.0,32.0,1.0,2.0,1
A11,6.0,A31,932.0,1.0,3.0,39.0,2.0,2.0,1
A12,24.0,A31,3148.0,3.0,2.0,31.0,2.0,2.0,1
A13,36.0,A30,3835.0,2.0,4.0,45.0,1.0,2.0,1
A13,9.0,A30,3832.0,1.0,4.0,64.0,1.0,2.0,1
A11,24.0,A30,5084.0,2.0,4.0,42.0,1.0,2.0,1
A13,9.0,A31,2406.0,2.0,3.0,31.0,1.0,2.0,1
A13,36.0,A30,2394.0,4.0,4.0,25.0,1.0,2.0,1
A13,21.0,A30,2476.0,4.0,4.0,46.0,1.0,2.0,1
A14,24.0,A30,2964.0,4.0,4.0,49.0,1.0,1.0,1
A14,12.0,A30,1262.0,2.0,4.0,49.0,1.0,2.0,1
A13,12.0,A30,1542.0,2.0,4.0,36.0,1.0,2.0,1
A11,24.0,A31,1743.0,4.0,2.0,48.0,2.0,2.0,1
A12,12.0,A34,409.0,3.0,3.0,42.0,2.0,2.0,1
A13,12.0,A30,2171.0,2.0,2.0,29.0,1.0,2.0,1
A13,48.0,A31,8858.0,2.0,1.0,35.0,2.0,2.0,1
A11,24.0,A30,3512.0,2.0,3.0,38.0,2.0,2.0,1
A11,12.0,A30,1158.0,3.0,1.0,26.0,1.0,2.0,1
A13,24.0,A31,2684.0,4.0,2.0,35.0,2.0,2.0,1
A14,12.0,A30,1498.0,4.0,1.0,23.0,1.0,2.0,1
A13,30.0,A31,5954.0,3.0,2.0,38.0,1.0,2.0,1
A11,48.0,A34,6416.0,4.0,3.0,59.0,1.0,2.0,0
A11,12.0,A31,3617.0,1.0,4.0,28.0,3.0,2.0,1
A13,12.0,A31,1291.0,4.0,2.0,35.0,2.0,2.0,1
A12,24.0,A31,1275.0,2.0,4.0,36.0,2.0,2.0,1
A13,24.0,A30,3972.0,2.0,4.0,25.0,1.0,2.0,1
A13,15.0,A31,3343.0,4.0,2.0,28.0,1.0,2.0,1
A12,15.0,A30,392.0,4.0,4.0,23.0,1.0,2.0,1
A13,9.0,A31,2134.0,4.0,4.0,48.0,3.0,2.0,1
A13,30.0,A31,5771.0,4.0,2.0,25.0,2.0,2.0,1
A13,24.0,A31,4526.0,3.0,2.0,74.0,1.0,2.0,1
A13,15.0,A31,2788.0,2.0,3.0,24.0,2.0,2.0,1
A13,6.0,A31,1382.0,1.0,1.0,28.0,2.0,2.0,1
A12,36.0,A30,5848.0,4.0,1.0,24.0,1.0,2.0,1
A14,12.0,A30,1228.0,4.0,2.0,24.0,1.0,2.0,0
A12,12.0,A30,1297.0,3.0,4.0,23.0,1.0,2.0,1
A13,24.0,A30,1552.0,3.0,1.0,32.0,1.0,1.0,1
A13,12.0,A30,1963.0,4.0,2.0,31.0,2.0,1.0,1
A13,24.0,A30,3235.0,3.0,2.0,36.0,1.0,2.0,1
A13,24.0,A31,4139.0,3.0,3.0,27.0,2.0,2.0,1
A11,12.0,A31,1804.0,3.0,4.0,44.0,1.0,2.0,1
A13,18.0,A30,1950.0,4.0,1.0,34.0,2.0,2.0,1
A13,48.0,A32,12749.0,4.0,1.0,37.0,1.0,2.0,1
A13,9.0,A30,1236.0,1.0,4.0,23.0,1.0,2.0,1
A13,18.0,A31,1055.0,4.0,1.0,30.0,2.0,2.0,1
A14,30.0,A33,8072.0,2.0,3.0,25.0,3.0,2.0,1
A13,30.0,A31,2831.0,4.0,2.0,33.0,1.0,2.0,1
A13,9.0,A30,1449.0,3.0,2.0,27.0,2.0,2.0,1
A13,36.0,A30,5742.0,2.0,2.0,31.0,2.0,2.0,1
A13,12.0,A30,2390.0,4.0,3.0,50.0,1.0,2.0,1
A13,24.0,A30,3430.0,3.0,2.0,31.0,1.0,1.0,1
A11,36.0,A30,2273.0,3.0,1.0,32.0,2.0,1.0,1
A12,21.0,A30,2923.0,1.0,1.0,28.0,1.0,2.0,1
A13,24.0,A30,1901.0,4.0,4.0,29.0,1.0,2.0,1
A11,36.0,A30,3711.0,2.0,2.0,27.0,1.0,2.0,1
A11,48.0,A30,8487.0,1.0,2.0,24.0,1.0,2.0,1
A13,24.0,A30,2255.0,4.0,1.0,54.0,1.0,2.0,1
A13,12.0,A30,1262.0,3.0,2.0,25.0,1.0,2.0,1
A13,33.0,A31,7253.0,3.0,2.0,35.0,2.0,2.0,1
A13,6.0,A31,6761.0,1.0,3.0,45.0,2.0,1.0,1
A13,18.0,A31,1817.0,4.0,2.0,28.0,2.0,2.0,1
A13,12.0,A30,2141.0,3.0,1.0,35.0,1.0,2.0,1
A13,48.0,A34,3609.0,1.0,1.0,27.0,1.0,2.0,1
A13,30.0,A30,2333.0,4.0,2.0,30.0,1.0,2.0,1
A13,28.0,A34,7824.0,3.0,4.0,40.0,2.0,1.0,1
A12,18.0,A34,1445.0,4.0,4.0,49.0,1.0,2.0,1
A14,24.0,A30,7721.0,1.0,2.0,30.0,1.0,2.0,1
A14,21.0,A30,3763.0,2.0,2.0,24.0,1.0,2.0,1
A11,18.0,A30,4439.0,1.0,1.0,33.0,1.0,2.0,1
A14,12.0,A30,1107.0,2.0,2.0,20.0,1.0,1.0,1
A11,15.0,A30,1444.0,4.0,1.0,23.0,1.0,2.0,1
A11,48.0,A34,12169.0,4.0,4.0,36.0,1.0,2.0,1
A13,9.0,A30,2753.0,3.0,4.0,35.0,1.0,2.0,1
A12,4.0,A30,1494.0,1.0,2.0,29.0,1.0,1.0,1
A14,24.0,A34,2828.0,4.0,4.0,22.0,1.0,2.0,1
A14,24.0,A34,2483.0,4.0,4.0,22.0,1.0,2.0,1
A12,6.0,A31,1299.0,1.0,1.0,74.0,3.0,1.0,1
A11,9.0,A30,1549.0,4.0,2.0,35.0,1.0,2.0,1
A12,10.0,A30,3949.0,1.0,1.0,37.0,1.0,1.0,1
A13,10.0,A30,2901.0,1.0,4.0,31.0,1.0,2.0,1
A12,6.0,A30,709.0,2.0,2.0,27.0,1.0,2.0,1
A14,47.0,A30,10722.0,1.0,1.0,35.0,1.0,2.0,1
A13,10.0,A30,1287.0,4.0,2.0,45.0,1.0,2.0,1
A14,18.0,A34,1940.0,3.0,4.0,36.0,1.0,2.0,1
A12,30.0,A31,3656.0,4.0,4.0,49.0,2.0,2.0,1
A13,24.0,A32,4679.0,3.0,3.0,35.0,2.0,2.0,1
A13,27.0,A32,8613.0,2.0,2.0,27.0,2.0,2.0,1
A14,18.0,A30,2659.0,4.0,2.0,28.0,1.0,2.0,1
A13,24.0,A31,1516.0,4.0,1.0,43.0,2.0,2.0,1
A14,18.0,A30,4380.0,3.0,4.0,35.0,1.0,1.0,1
A13,14.0,A32,802.0,4.0,2.0,27.0,2.0,2.0,1
A13,21.0,A30,1572.0,4.0,4.0,36.0,1.0,2.0,1
A11,48.0,A34,3566.0,4.0,2.0,30.0,1.0,2.0,1
A13,24.0,A30,1278.0,4.0,1.0,36.0,1.0,2.0,1
A13,6.0,A33,426.0,4.0,4.0,39.0,1.0,2.0,1
A13,39.0,A30,8588.0,4.0,2.0,45.0,1.0,2.0,1
A14,30.0,A30,3857.0,4.0,4.0,40.0,1.0,2.0,1
A11,12.0,A30,685.0,2.0,3.0,25.0,1.0,2.0,0
A14,24.0,A30,1603.0,4.0,4.0,55.0,1.0,2.0,1
A13,21.0,A30,2241.0,4.0,2.0,50.0,2.0,2.0,1
A14,24.0,A30,2384.0,4.0,4.0,64.0,1.0,2.0,1
A13,4.0,A30,601.0,1.0,3.0,23.0,1.0,1.0,1
A13,39.0,A30,2569.0,4.0,4.0,24.0,1.0,2.0,1
A13,15.0,A31,1316.0,2.0,2.0,47.0,2.0,2.0,1
A13,60.0,A30,10366.0,2.0,4.0,42.0,1.0,2.0,1
A13,18.0,A30,1568.0,3.0,4.0,24.0,1.0,2.0,1
A13,18.0,A31,629.0,4.0,3.0,32.0,2.0,2.0,1
A13,6.0,A34,1750.0,2.0,4.0,45.0,1.0,1.0,1
A13,24.0,A30,3488.0,3.0,4.0,23.0,1.0,2.0,1
A13,18.0,A31,1800.0,4.0,2.0,24.0,2.0,2.0,1
A13,24.0,A32,4151.0,2.0,3.0,35.0,2.0,2.0,1
A11,15.0,A30,2631.0,3.0,2.0,25.0,1.0,2.0,1
A13,21.0,A30,5248.0,1.0,3.0,26.0,1.0,2.0,1
A11,18.0,A32,2899.0,4.0,4.0,43.0,1.0,1.0,1
A11,18.0,A32,6204.0,2.0,4.0,44.0,1.0,1.0,1
A13,12.0,A30,804.0,4.0,4.0,38.0,1.0,2.0,1
A13,36.0,A30,3595.0,4.0,2.0,28.0,1.0,2.0,1
A13,36.0,A31,5711.0,4.0,2.0,38.0,2.0,2.0,1
A12,15.0,A30,2687.0,2.0,4.0,26.0,1.0,2.0,1
A14,15.0,A32,3643.0,1.0,4.0,27.0,2.0,2.0,1
A13,10.0,A31,2146.0,1.0,3.0,23.0,2.0,2.0,1
A14,10.0,A30,2315.0,3.0,4.0,52.0,1.0,2.0,1
A13,5.0,A30,3448.0,1.0,4.0,74.0,1.0,2.0,1
A13,15.0,A30,2708.0,2.0,3.0,27.0,2.0,2.0,1
A13,11.0,A31,1393.0,4.0,4.0,35.0,2.0,2.0,1
A12,10.0,A30,1275.0,4.0,2.0,23.0,1.0,2.0,1
A13,9.0,A30,1313.0,1.0,4.0,20.0,1.0,2.0,1
A13,12.0,A30,1493.0,4.0,3.0,34.0,1.0,1.0,1
A13,22.0,A30,2675.0,3.0,4.0,40.0,1.0,2.0,1
A11,9.0,A30,2118.0,2.0,2.0,37.0,1.0,1.0,1
A13,36.0,A30,909.0,4.0,4.0,36.0,1.0,2.0,1
A13,12.0,A31,1258.0,2.0,4.0,22.0,2.0,2.0,1
A13,15.0,A34,1569.0,4.0,4.0,34.0,1.0,1.0,1
A13,6.0,A30,1236.0,2.0,4.0,50.0,1.0,2.0,1
A13,36.0,A32,7678.0,2.0,4.0,40.0,2.0,2.0,1
A13,6.0,A30,660.0,2.0,4.0,23.0,1.0,2.0,1
A13,24.0,A30,2835.0,3.0,4.0,53.0,1.0,2.0,1
A13,24.0,A30,2670.0,4.0,4.0,35.0,1.0,2.0,1
A13,12.0,A34,3447.0,4.0,3.0,35.0,1.0,1.0,1
A13,15.0,A30,3568.0,4.0,2.0,54.0,1.0,2.0,1
A11,21.0,A31,3652.0,2.0,3.0,27.0,2.0,2.0,1
A14,24.0,A30,3660.0,2.0,4.0,28.0,1.0,2.0,1
A12,9.0,A30,1126.0,2.0,4.0,49.0,1.0,2.0,1
A12,6.0,A32,683.0,2.0,1.0,29.0,1.0,2.0,1
A12,12.0,A30,2251.0,1.0,2.0,46.0,1.0,2.0,1
A13,12.0,A30,4675.0,1.0,4.0,20.0,1.0,2.0,1
A11,21.0,A32,2353.0,1.0,4.0,47.0,2.0,2.0,1
A14,21.0,A30,3357.0,4.0,2.0,29.0,1.0,2.0,1
A13,6.0,A30,672.0,1.0,4.0,54.0,1.0,2.0,1
A14,6.0,A31,338.0,4.0,4.0,52.0,2.0,2.0,1
A13,9.0,A30,2697.0,1.0,2.0,32.0,1.0,1.0,1
A13,9.0,A30,2507.0,2.0,4.0,51.0,1.0,2.0,1
A13,15.0,A32,1478.0,4.0,3.0,33.0,2.0,2.0,1
A13,12.0,A31,3565.0,2.0,1.0,37.0,2.0,1.0,1
A13,15.0,A30,2221.0,2.0,4.0,20.0,1.0,2.0,1
A13,6.0,A31,1898.0,1.0,2.0,34.0,2.0,1.0,1
A11,6.0,A32,1449.0,1.0,2.0,31.0,2.0,1.0,1
A13,15.0,A32,960.0,3.0,2.0,30.0,2.0,2.0,1
A13,36.0,A30,8133.0,1.0,2.0,30.0,1.0,2.0,1
A13,9.0,A30,2301.0,2.0,4.0,22.0,1.0,2.0,1
A13,6.0,A32,1743.0,1.0,2.0,34.0,2.0,2.0,1
A11,12.0,A30,983.0,1.0,4.0,19.0,1.0,2.0,1
A13,18.0,A32,2320.0,2.0,3.0,34.0,2.0,2.0,1
A14,12.0,A34,339.0,4.0,1.0,45.0,1.0,2.0,1
A12,24.0,A30,5152.0,4.0,2.0,25.0,1.0,2.0,1
A12,24.0,A30,3749.0,2.0,4.0,26.0,1.0,2.0,1
A13,9.0,A31,3074.0,1.0,2.0,33.0,2.0,1.0,1
A12,9.0,A30,745.0,3.0,2.0,28.0,1.0,2.0,0
A13,24.0,A30,1469.0,4.0,4.0,41.0,1.0,2.0,1
A14,6.0,A30,1374.0,1.0,2.0,36.0,1.0,2.0,1
A13,6.0,A34,783.0,1.0,2.0,26.0,1.0,1.0,1
A14,21.0,A30,2606.0,4.0,4.0,28.0,1.0,2.0,1
A13,54.0,A33,9436.0,2.0,2.0,39.0,1.0,1.0,1
A13,12.0,A31,930.0,4.0,4.0,65.0,4.0,2.0,1
A13,48.0,A31,2751.0,4.0,3.0,38.0,2.0,1.0,1
A13,6.0,A31,250.0,2.0,2.0,41.0,2.0,2.0,1
A11,24.0,A30,1201.0,4.0,1.0,26.0,1.0,2.0,1
A14,6.0,A30,662.0,3.0,4.0,41.0,1.0,1.0,1
A13,15.0,A30,1300.0,4.0,4.0,45.0,1.0,1.0,1
A13,24.0,A34,1559.0,4.0,4.0,40.0,1.0,2.0,1
A12,12.0,A30,3016.0,3.0,1.0,24.0,1.0,2.0,1
A13,15.0,A31,1360.0,4.0,2.0,31.0,2.0,2.0,1
A13,6.0,A33,1204.0,4.0,1.0,35.0,1.0,2.0,1
A13,10.0,A30,1597.0,3.0,2.0,40.0,1.0,1.0,1
A13,12.0,A30,2073.0,4.0,2.0,28.0,1.0,2.0,1
A13,11.0,A30,2142.0,1.0,2.0,28.0,1.0,2.0,1
A14,10.0,A31,2132.0,2.0,3.0,27.0,2.0,2.0,1
A13,10.0,A30,1546.0,3.0,2.0,31.0,1.0,1.0,1
A13,24.0,A31,1287.0,4.0,4.0,37.0,2.0,2.0,1
A13,10.0,A30,1418.0,3.0,2.0,35.0,1.0,2.0,1
A12,6.0,A31,1343.0,1.0,4.0,46.0,2.0,1.0,1
A13,18.0,A30,2662.0,4.0,3.0,32.0,1.0,2.0,1
A13,18.0,A31,6070.0,3.0,4.0,33.0,2.0,2.0,1
A13,24.0,A31,1927.0,3.0,2.0,33.0,2.0,2.0,1
A13,18.0,A31,2404.0,2.0,2.0,26.0,2.0,2.0,1
A13,6.0,A31,1554.0,1.0,2.0,24.0,2.0,2.0,1
A13,22.0,A30,1283.0,4.0,4.0,25.0,1.0,2.0,1
A13,24.0,A32,717.0,4.0,4.0,54.0,2.0,2.0,1
A14,24.0,A30,1747.0,4.0,1.0,24.0,1.0,2.0,1
A14,9.0,A31,1288.0,3.0,4.0,48.0,2.0,1.0,1
A14,10.0,A31,1038.0,4.0,3.0,49.0,2.0,2.0,1
A13,10.0,A30,2848.0,1.0,2.0,32.0,1.0,1.0,1
A13,12.0,A30,1413.0,3.0,2.0,55.0,1.0,2.0,1
A13,30.0,A31,3077.0,3.0,2.0,40.0,2.0,1.0,1
A14,24.0,A34,3632.0,1.0,4.0,22.0,1.0,2.0,1
A13,18.0,A31,3229.0,2.0,4.0,38.0,1.0,2.0,1
A13,9.0,A30,3577.0,1.0,2.0,26.0,1.0,1.0,1
A13,12.0,A31,682.0,4.0,3.0,51.0,2.0,2.0,1
A13,10.0,A30,1924.0,1.0,4.0,38.0,1.0,2.0,1
A13,10.0,A30,727.0,4.0,4.0,46.0,1.0,2.0,1
A12,10.0,A31,781.0,4.0,4.0,63.0,2.0,2.0,1
A14,12.0,A31,2121.0,4.0,2.0,30.0,2.0,2.0,1
A13,12.0,A31,701.0,4.0,2.0,32.0,2.0,2.0,1
A13,10.0,A31,2069.0,2.0,1.0,26.0,2.0,2.0,1
A13,24.0,A30,1525.0,4.0,3.0,34.0,1.0,1.0,1
A13,48.0,A31,7629.0,4.0,2.0,46.0,2.0,1.0,1
A14,12.0,A31,3499.0,3.0,2.0,29.0,2.0,2.0,0
A13,6.0,A30,1346.0,2.0,4.0,42.0,1.0,1.0,1
A13,36.0,A31,10477.0,2.0,4.0,42.0,2.0,2.0,1
A14,24.0,A30,2924.0,3.0,4.0,63.0,1.0,1.0,1
A13,10.0,A31,1231.0,3.0,4.0,32.0,2.0,1.0,1
A12,18.0,A30,1961.0,3.0,2.0,23.0,1.0,2.0,1
A13,15.0,A31,5045.0,1.0,4.0,59.0,1.0,2.0,1
A13,12.0,A31,1255.0,4.0,4.0,61.0,2.0,2.0,1
A14,12.0,A30,1858.0,4.0,1.0,22.0,1.0,2.0,1
A13,6.0,A31,1221.0,1.0,2.0,27.0,2.0,2.0,1
A13,9.0,A30,1388.0,4.0,2.0,26.0,1.0,2.0,1
A13,12.0,A30,2279.0,4.0,4.0,37.0,1.0,2.0,1
A13,12.0,A33,2759.0,2.0,4.0,34.0,2.0,2.0,1
A12,24.0,A30,1258.0,3.0,3.0,57.0,1.0,2.0,1
A11,12.0,A33,1410.0,2.0,2.0,31.0,1.0,2.0,1
A14,15.0,A30,1403.0,2.0,4.0,28.0,1.0,2.0,1
A14,24.0,A30,3021.0,2.0,2.0,24.0,1.0,2.0,1
A14,24.0,A30,6568.0,2.0,2.0,21.0,1.0,2.0,1
A13,24.0,A31,2578.0,2.0,2.0,34.0,1.0,2.0,1
A11,24.0,A31,7758.0,2.0,4.0,29.0,1.0,2.0,1
A14,6.0,A30,343.0,4.0,1.0,27.0,1.0,2.0,1
A13,21.0,A32,1591.0,4.0,3.0,34.0,2.0,2.0,1
A14,27.0,A30,3416.0,3.0,2.0,27.0,1.0,2.0,1
A14,12.0,A33,1108.0,4.0,3.0,28.0,2.0,2.0,0
A11,27.0,A32,5965.0,1.0,2.0,30.0,2.0,2.0,1
A11,15.0,A30,1514.0,4.0,2.0,22.0,1.0,2.0,1
A13,30.0,A31,6742.0,2.0,3.0,36.0,2.0,2.0,1
A14,18.0,A30,3650.0,1.0,4.0,22.0,1.0,2.0,1
A14,21.0,A30,3599.0,1.0,4.0,26.0,1.0,2.0,1
A13,60.0,A31,13756.0,2.0,4.0,63.0,1.0,2.0,1
A11,9.0,A30,276.0,4.0,4.0,22.0,1.0,2.0,1
A13,42.0,A31,4041.0,4.0,4.0,36.0,2.0,2.0,1
A11,9.0,A30,458.0,4.0,3.0,24.0,1.0,2.0,1
A11,9.0,A30,918.0,4.0,1.0,30.0,1.0,2.0,0
A13,24.0,A30,7393.0,1.0,4.0,43.0,1.0,1.0,1
A12,10.0,A30,1225.0,2.0,2.0,37.0,1.0,2.0,1
A14,24.0,A30,2812.0,2.0,4.0,26.0,1.0,2.0,1
A13,15.0,A30,3029.0,2.0,2.0,33.0,1.0,2.0,1
A12,12.0,A31,1480.0,2.0,4.0,66.0,3.0,2.0,1
A12,6.0,A31,1047.0,2.0,4.0,50.0,1.0,2.0,1
A13,15.0,A31,1471.0,4.0,4.0,35.0,2.0,2.0,1
A13,24.0,A30,5511.0,4.0,1.0,25.0,1.0,2.0,1
A11,9.0,A30,1206.0,4.0,4.0,25.0,1.0,2.0,1
A11,24.0,A32,6403.0,1.0,2.0,33.0,1.0,2.0,1
A13,12.0,A30,707.0,4.0,2.0,30.0,2.0,2.0,1
A13,12.0,A32,1503.0,4.0,4.0,41.0,1.0,2.0,1
A11,12.0,A30,6078.0,2.0,2.0,32.0,1.0,2.0,1
A11,27.0,A30,2528.0,4.0,1.0,32.0,1.0,1.0,1
A11,12.0,A30,1037.0,3.0,4.0,39.0,1.0,2.0,1
A14,6.0,A30,1352.0,1.0,2.0,23.0,1.0,2.0,1
A13,24.0,A30,3181.0,4.0,4.0,26.0,1.0,2.0,1
A13,18.0,A30,4594.0,3.0,2.0,32.0,1.0,2.0,1
A11,48.0,A30,5381.0,3.0,4.0,40.0,1.0,2.0,1
A13,15.0,A30,4657.0,3.0,2.0,30.0,1.0,2.0,1
A11,9.0,A30,1391.0,2.0,1.0,27.0,1.0,2.0,1
A11,18.0,A30,1913.0,3.0,3.0,36.0,1.0,2.0,1
A13,42.0,A30,7166.0,2.0,4.0,29.0,1.0,2.0,1
A13,13.0,A30,1409.0,2.0,4.0,64.0,1.0,2.0,1
A13,24.0,A32,2978.0,4.0,4.0,32.0,2.0,1.0,1
A13,12.0,A31,976.0,4.0,4.0,35.0,2.0,2.0,1
A13,24.0,A32,2375.0,4.0,2.0,44.0,2.0,1.0,1
A13,12.0,A31,522.0,4.0,4.0,42.0,2.0,1.0,1
A13,28.0,A31,2743.0,4.0,2.0,29.0,2.0,2.0,1
A13,11.0,A31,1154.0,4.0,4.0,57.0,3.0,2.0,1
A13,24.0,A31,5804.0,4.0,2.0,27.0,2.0,2.0,1
A13,18.0,A31,1169.0,4.0,3.0,29.0,2.0,2.0,1
A14,15.0,A31,1478.0,4.0,4.0,44.0,2.0,1.0,1
A13,12.0,A30,776.0,4.0,2.0,28.0,1.0,2.0,1
A11,11.0,A31,1322.0,4.0,4.0,40.0,2.0,2.0,1
A11,16.0,A31,1175.0,2.0,3.0,68.0,3.0,2.0,1
A13,12.0,A30,2133.0,4.0,4.0,52.0,1.0,2.0,1
A13,15.0,A31,1829.0,4.0,4.0,46.0,2.0,2.0,1
A13,12.0,A31,717.0,4.0,4.0,52.0,3.0,2.0,1
A11,39.0,A32,11760.0,2.0,3.0,32.0,1.0,2.0,1
A11,9.0,A31,1501.0,2.0,3.0,34.0,2.0,2.0,0
A14,12.0,A30,1200.0,4.0,4.0,23.0,1.0,2.0,1
A11,9.0,A30,3195.0,1.0,2.0,33.0,1.0,2.0,1
A13,30.0,A31,4530.0,4.0,4.0,26.0,1.0,2.0,1
A13,12.0,A32,1555.0,4.0,4.0,55.0,2.0,1.0,0
A11,15.0,A31,2326.0,2.0,4.0,27.0,1.0,2.0,1
A11,18.0,A31,1887.0,4.0,4.0,28.0,2.0,2.0,1
A13,12.0,A31,1264.0,4.0,4.0,57.0,1.0,2.0,1
A13,7.0,A32,846.0,3.0,4.0,36.0,1.0,2.0,1
A13,15.0,A31,1532.0,4.0,3.0,31.0,1.0,2.0,1
A13,6.0,A32,935.0,3.0,2.0,24.0,1.0,2.0,1
A14,27.0,A31,2442.0,4.0,4.0,43.0,4.0,1.0,1
A11,18.0,A31,3590.0,3.0,3.0,40.0,3.0,1.0,1
A13,21.0,A31,2288.0,4.0,4.0,23.0,1.0,2.0,1
A13,27.0,A32,5117.0,3.0,4.0,26.0,2.0,2.0,1
A14,39.0,A31,14179.0,4.0,4.0,30.0,2.0,2.0,1
A13,15.0,A30,1386.0,4.0,2.0,40.0,1.0,2.0,1
A13,12.0,A31,618.0,4.0,4.0,56.0,1.0,2.0,1
A13,12.0,A30,1574.0,4.0,2.0,50.0,1.0,2.0,1
A13,6.0,A31,700.0,4.0,4.0,36.0,2.0,2.0,1
A13,12.0,A30,886.0,4.0,2.0,21.0,1.0,2.0,1
A13,36.0,A30,4686.0,2.0,2.0,32.0,1.0,2.0,1
A11,9.0,A30,790.0,4.0,3.0,66.0,1.0,2.0,1
A11,12.0,A30,766.0,4.0,3.0,66.0,1.0,2.0,0
A14,20.0,A30,2212.0,4.0,4.0,39.0,1.0,2.0,1
A11,10.0,A30,7308.0,2.0,4.0,70.0,1.0,2.0,1
A11,24.0,A31,5743.0,2.0,4.0,24.0,2.0,2.0,1
A14,14.0,A30,3973.0,1.0,4.0,22.0,1.0,2.0,1
A11,60.0,A32,7418.0,1.0,1.0,27.0,1.0,2.0,1
A11,20.0,A32,2629.0,2.0,3.0,29.0,2.0,2.0,1
A11,18.0,A30,1941.0,4.0,2.0,35.0,1.0,2.0,1
A11,24.0,A32,2333.0,4.0,2.0,29.0,1.0,2.0,1
A13,12.0,A30,2445.0,2.0,4.0,26.0,1.0,2.0,1
A11,20.0,A30,6468.0,1.0,4.0,60.0,1.0,2.0,1
A11,18.0,A31,7374.0,4.0,4.0,40.0,2.0,2.0,1
A13,15.0,A30,3812.0,1.0,4.0,23.0,1.0,2.0,1
A14,28.0,A30,4006.0,3.0,2.0,45.0,1.0,2.0,0
A11,12.0,A30,7472.0,1.0,2.0,24.0,1.0,2.0,1
A12,12.0,A30,1424.0,3.0,4.0,55.0,1.0,2.0,1
A11,12.0,A30,2028.0,4.0,2.0,30.0,1.0,2.0,1
A13,15.0,A30,5324.0,1.0,4.0,35.0,1.0,2.0,1
A11,36.0,A30,2323.0,4.0,4.0,24.0,1.0,2.0,1
A13,12.0,A30,1393.0,4.0,4.0,47.0,3.0,1.0,1
A13,18.0,A30,1984.0,4.0,4.0,47.0,2.0,2.0,1
A13,24.0,A30,999.0,4.0,2.0,25.0,2.0,2.0,1
A13,36.0,A30,7409.0,3.0,2.0,37.0,2.0,2.0,1
A13,15.0,A30,2186.0,1.0,4.0,33.0,1.0,2.0,1
A12,36.0,A30,4473.0,4.0,2.0,31.0,1.0,2.0,1
A13,24.0,A30,937.0,4.0,3.0,27.0,2.0,2.0,1
A13,18.0,A30,3422.0,4.0,4.0,47.0,3.0,1.0,1
A13,24.0,A30,3105.0,4.0,2.0,25.0,2.0,2.0,1
A13,12.0,A31,2748.0,2.0,4.0,57.0,3.0,2.0,1
A11,18.0,A30,3872.0,2.0,4.0,67.0,1.0,2.0,1
A13,27.0,A30,5190.0,4.0,4.0,48.0,4.0,1.0,1
A11,18.0,A30,3001.0,2.0,4.0,40.0,1.0,2.0,1
A13,24.0,A32,3863.0,1.0,2.0,32.0,1.0,2.0,1
A13,12.0,A31,5801.0,2.0,4.0,49.0,1.0,2.0,1
A13,12.0,A31,1592.0,3.0,2.0,35.0,1.0,2.0,1
A13,12.0,A31,1185.0,3.0,2.0,27.0,2.0,2.0,1
A13,18.0,A31,3780.0,3.0,2.0,35.0,2.0,2.0,1
A11,18.0,A31,3612.0,3.0,4.0,37.0,1.0,2.0,1
A13,12.0,A30,1076.0,2.0,2.0,26.0,1.0,2.0,1
A13,12.0,A30,3527.0,2.0,3.0,45.0,1.0,1.0,1
A13,18.0,A30,2051.0,4.0,1.0,33.0,1.0,2.0,1
A13,12.0,A31,3331.0,2.0,4.0,42.0,1.0,2.0,1
A14,18.0,A33,3104.0,3.0,1.0,31.0,1.0,2.0,1
A13,24.0,A31,2611.0,4.0,3.0,46.0,2.0,2.0,1
A14,12.0,A31,1409.0,4.0,3.0,54.0,1.0,2.0,1
A13,24.0,A30,1311.0,4.0,3.0,26.0,1.0,2.0,1
A13,6.0,A30,2108.0,2.0,2.0,29.0,1.0,2.0,1
A13,24.0,A31,4042.0,3.0,4.0,43.0,2.0,2.0,1
A13,12.0,A31,926.0,1.0,2.0,38.0,1.0,2.0,1
A14,12.0,A30,1680.0,3.0,1.0,35.0,1.0,2.0,1
A13,24.0,A30,1249.0,4.0,2.0,28.0,1.0,2.0,1
A13,24.0,A31,2463.0,4.0,3.0,27.0,2.0,2.0,1
A13,6.0,A30,1595.0,3.0,2.0,51.0,1.0,1.0,1
A13,24.0,A31,2058.0,4.0,2.0,33.0,2.0,2.0,1
A13,24.0,A30,7814.0,3.0,3.0,38.0,1.0,2.0,1
A13,6.0,A31,1740.0,2.0,2.0,30.0,2.0,2.0,1
A13,12.0,A31,1240.0,4.0,2.0,38.0,2.0,2.0,1
A13,24.0,A31,6842.0,2.0,4.0,46.0,2.0,1.0,1
A13,24.0,A31,5150.0,4.0,4.0,33.0,1.0,2.0,1
A14,6.0,A30,1203.0,3.0,2.0,43.0,1.0,2.0,1
A13,6.0,A31,2080.0,1.0,2.0,24.0,1.0,2.0,1
A13,6.0,A30,1538.0,1.0,2.0,56.0,1.0,2.0,1
A11,24.0,A31,3878.0,4.0,2.0,37.0,1.0,2.0,1
A11,30.0,A30,3832.0,2.0,1.0,22.0,1.0,2.0,1
A13,15.0,A30,3186.0,2.0,3.0,20.0,1.0,2.0,1
A11,24.0,A30,2896.0,2.0,1.0,29.0,1.0,2.0,1
A11,24.0,A32,6967.0,4.0,4.0,36.0,1.0,2.0,1
A13,36.0,A30,1819.0,4.0,4.0,37.0,1.0,2.0,0
A13,24.0,A30,5943.0,1.0,1.0,44.0,2.0,2.0,0
A13,36.0,A31,7127.0,2.0,4.0,23.0,2.0,2.0,0
A13,36.0,A30,3349.0,4.0,2.0,28.0,1.0,2.0,0
A13,36.0,A30,10974.0,4.0,2.0,26.0,2.0,2.0,0
A13,6.0,A30,518.0,3.0,1.0,29.0,1.0,2.0,1
A13,18.0,A30,1126.0,4.0,2.0,21.0,1.0,2.0,1
A11,12.0,A31,1860.0,4.0,2.0,34.0,2.0,2.0,1
A13,36.0,A31,9566.0,2.0,2.0,31.0,2.0,2.0,1
A14,12.0,A30,701.0,4.0,2.0,40.0,1.0,2.0,1
A11,12.0,A30,2930.0,2.0,1.0,27.0,1.0,2.0,1
A13,18.0,A30,1505.0,4.0,2.0,32.0,1.0,2.0,1
A13,18.0,A31,2238.0,2.0,1.0,25.0,2.0,2.0,1
A13,4.0,A31,1503.0,2.0,1.0,42.0,2.0,1.0,1
A13,24.0,A31,2197.0,4.0,4.0,43.0,2.0,1.0,1
A12,12.0,A30,1881.0,2.0,2.0,44.0,1.0,2.0,1
A14,18.0,A31,1880.0,4.0,1.0,32.0,2.0,2.0,1
A14,18.0,A30,2389.0,4.0,1.0,27.0,1.0,2.0,1
A11,24.0,A30,1967.0,4.0,4.0,20.0,1.0,2.0,1
A13,4.0,A31,3380.0,1.0,1.0,37.0,1.0,1.0,1
A13,4.0,A31,1455.0,2.0,1.0,42.0,3.0,1.0,1
A13,7.0,A31,730.0,4.0,2.0,46.0,2.0,2.0,1
A11,18.0,A33,3244.0,1.0,4.0,33.0,2.0,2.0,1
A11,9.0,A30,1670.0,4.0,2.0,22.0,1.0,2.0,0
A11,48.0,A30,3979.0,4.0,1.0,41.0,2.0,1.0,1
A11,12.0,A30,1922.0,4.0,2.0,37.0,1.0,2.0,0
A11,18.0,A31,1295.0,4.0,1.0,27.0,2.0,2.0,1
A13,4.0,A31,1544.0,2.0,1.0,42.0,3.0,1.0,1
A11,8.0,A30,907.0,3.0,2.0,26.0,1.0,2.0,1
A11,30.0,A30,1715.0,4.0,1.0,26.0,1.0,2.0,1
A12,10.0,A31,1347.0,4.0,2.0,27.0,2.0,2.0,1
A11,12.0,A30,1007.0,4.0,1.0,22.0,1.0,2.0,1
A13,12.0,A31,1402.0,3.0,4.0,37.0,1.0,2.0,1
A11,12.0,A30,2002.0,3.0,4.0,30.0,1.0,1.0,1
A13,12.0,A31,2096.0,2.0,3.0,49.0,1.0,1.0,1
A13,12.0,A30,1101.0,3.0,2.0,27.0,2.0,2.0,1
A13,10.0,A30,894.0,4.0,3.0,40.0,1.0,2.0,1
A11,11.0,A30,1577.0,4.0,1.0,20.0,1.0,2.0,1
A13,33.0,A32,2764.0,2.0,2.0,26.0,2.0,2.0,1
A11,48.0,A33,8358.0,1.0,1.0,30.0,2.0,2.0,1
A12,12.0,A30,1474.0,4.0,1.0,33.0,1.0,2.0,1
A13,24.0,A30,5433.0,2.0,4.0,26.0,1.0,2.0,1
A11,14.0,A30,1410.0,1.0,2.0,35.0,1.0,2.0,1
A13,20.0,A31,3485.0,2.0,4.0,44.0,2.0,2.0,1
A13,18.0,A31,3850.0,3.0,1.0,27.0,2.0,2.0,1
A11,60.0,A30,7408.0,4.0,2.0,24.0,1.0,2.0,0
A12,24.0,A30,1377.0,4.0,2.0,47.0,1.0,2.0,1
A13,30.0,A32,4272.0,2.0,2.0,26.0,2.0,2.0,1
A11,24.0,A32,1553.0,3.0,2.0,23.0,2.0,2.0,1
A11,36.0,A32,9857.0,1.0,3.0,31.0,2.0,1.0,1
A13,6.0,A31,362.0,4.0,4.0,52.0,2.0,2.0,1
A13,12.0,A31,1935.0,4.0,4.0,43.0,3.0,2.0,1
A13,48.0,A30,10222.0,4.0,3.0,37.0,1.0,2.0,1
A12,12.0,A30,1330.0,4.0,1.0,26.0,1.0,2.0,1
A13,36.0,A30,9055.0,2.0,4.0,35.0,1.0,1.0,1
A11,26.0,A30,7966.0,2.0,3.0,30.0,2.0,2.0,1
A11,30.0,A34,3496.0,4.0,2.0,34.0,1.0,1.0,1
A11,36.0,A30,6948.0,2.0,2.0,35.0,1.0,2.0,1
A11,48.0,A33,12204.0,2.0,2.0,48.0,1.0,2.0,1
A14,36.0,A30,3446.0,4.0,2.0,42.0,1.0,1.0,0
A14,12.0,A30,684.0,4.0,4.0,40.0,1.0,1.0,0
A14,33.0,A31,4281.0,1.0,4.0,23.0,2.0,2.0,0
A14,42.0,A30,7174.0,4.0,3.0,30.0,1.0,2.0,0
A14,24.0,A34,1546.0,4.0,4.0,24.0,1.0,2.0,0
A14,24.0,A30,2359.0,1.0,1.0,33.0,1.0,2.0,0
A13,24.0,A30,3621.0,2.0,4.0,31.0,2.0,2.0,0
A14,12.0,A30,741.0,4.0,3.0,22.0,1.0,2.0,0
A14,12.0,A30,7865.0,4.0,4.0,53.0,1.0,2.0,0
A14,24.0,A30,2910.0,2.0,1.0,34.0,1.0,2.0,1
A14,18.0,A31,5302.0,2.0,4.0,36.0,3.0,2.0,1
A14,36.0,A30,3620.0,1.0,2.0,37.0,1.0,1.0,1
A14,18.0,A30,3509.0,4.0,1.0,25.0,1.0,2.0,1
A11,12.0,A30,3017.0,3.0,1.0,34.0,1.0,2.0,1
A14,12.0,A30,1657.0,2.0,2.0,27.0,1.0,2.0,1
A14,8.0,A31,1164.0,3.0,4.0,51.0,2.0,1.0,1
A14,36.0,A31,6229.0,4.0,4.0,23.0,2.0,2.0,0
A14,24.0,A34,1193.0,1.0,4.0,29.0,2.0,2.0,0
A14,30.0,A33,4583.0,2.0,2.0,32.0,2.0,2.0,1
A14,36.0,A31,5371.0,3.0,2.0,28.0,2.0,2.0,1
A14,12.0,A30,708.0,2.0,3.0,38.0,1.0,1.0,1
A14,21.0,A31,571.0,4.0,4.0,65.0,2.0,2.0,1
A14,30.0,A30,2522.0,1.0,3.0,39.0,1.0,1.0,1
A14,36.0,A30,5179.0,4.0,2.0,29.0,1.0,2.0,0
A14,36.0,A30,8229.0,2.0,2.0,26.0,1.0,1.0,0
A13,24.0,A31,2028.0,2.0,2.0,30.0,2.0,2.0,1
A14,6.0,A30,1374.0,4.0,3.0,75.0,1.0,2.0,1
A14,12.0,A30,1289.0,4.0,1.0,21.0,1.0,2.0,1
A14,36.0,A30,2712.0,2.0,2.0,41.0,1.0,1.0,0
A14,15.0,A31,975.0,2.0,3.0,25.0,2.0,2.0,1
A11,6.0,A32,1050.0,4.0,1.0,35.0,2.0,2.0,1
A14,6.0,A31,609.0,4.0,3.0,37.0,2.0,2.0,1
A14,48.0,A30,4788.0,4.0,3.0,26.0,1.0,1.0,1
A11,24.0,A30,3069.0,4.0,4.0,30.0,1.0,2.0,1
A11,12.0,A30,836.0,4.0,2.0,23.0,1.0,2.0,0
A14,12.0,A30,2577.0,2.0,1.0,42.0,1.0,2.0,1
A14,12.0,A30,1620.0,2.0,3.0,30.0,1.0,2.0,1
A14,15.0,A30,1845.0,4.0,1.0,46.0,1.0,2.0,1
A14,24.0,A30,6579.0,4.0,2.0,29.0,1.0,2.0,1
A14,12.0,A30,1893.0,4.0,4.0,29.0,1.0,2.0,1
A14,30.0,A31,10623.0,3.0,4.0,38.0,3.0,1.0,1
A14,18.0,A30,2249.0,4.0,3.0,30.0,1.0,1.0,1
A14,30.0,A30,3108.0,2.0,4.0,31.0,1.0,2.0,0
A11,12.0,A31,958.0,2.0,3.0,47.0,2.0,1.0,1
A13,24.0,A30,9277.0,2.0,4.0,48.0,1.0,2.0,1
A13,24.0,A31,6314.0,4.0,2.0,27.0,2.0,2.0,1
A14,12.0,A31,1526.0,4.0,4.0,66.0,2.0,2.0,1
A14,12.0,A30,3590.0,2.0,2.0,29.0,1.0,1.0,1
A14,24.0,A31,6615.0,2.0,4.0,75.0,2.0,2.0,1
A14,6.0,A31,1872.0,4.0,4.0,36.0,3.0,2.0,1
A13,12.0,A30,2859.0,4.0,4.0,38.0,1.0,2.0,1
A13,18.0,A31,1582.0,4.0,4.0,46.0,2.0,2.0,1
A13,6.0,A30,1238.0,4.0,4.0,36.0,1.0,1.0,1
A14,12.0,A30,2578.0,3.0,4.0,55.0,1.0,2.0,1
A14,15.0,A31,1433.0,4.0,3.0,25.0,2.0,2.0,1
A14,42.0,A30,7882.0,2.0,4.0,45.0,1.0,1.0,1
A14,24.0,A30,4169.0,4.0,4.0,28.0,1.0,2.0,1
A14,36.0,A30,3959.0,4.0,3.0,30.0,1.0,2.0,1
A14,36.0,A30,3249.0,2.0,4.0,39.0,1.0,1.0,1
A14,24.0,A30,3149.0,4.0,1.0,22.0,1.0,2.0,1
A14,12.0,A31,2246.0,3.0,3.0,60.0,2.0,2.0,0
A14,13.0,A31,1797.0,3.0,1.0,28.0,2.0,2.0,1
A14,20.0,A31,4272.0,1.0,4.0,24.0,2.0,2.0,1
A14,24.0,A31,2957.0,4.0,4.0,63.0,2.0,2.0,1
A14,36.0,A31,2348.0,3.0,2.0,46.0,2.0,2.0,1
A12,42.0,A33,6289.0,2.0,1.0,33.0,2.0,2.0,1
A14,24.0,A31,6419.0,2.0,4.0,44.0,2.0,1.0,1
A14,48.0,A31,6143.0,4.0,4.0,58.0,2.0,2.0,0
A13,24.0,A31,1597.0,4.0,4.0,54.0,2.0,1.0,1
A14,36.0,A30,15857.0,2.0,3.0,43.0,1.0,2.0,1
A13,24.0,A31,2223.0,4.0,4.0,52.0,2.0,2.0,1
A13,48.0,A32,7238.0,3.0,3.0,32.0,2.0,1.0,1
A11,30.0,A32,2503.0,4.0,2.0,41.0,2.0,2.0,1
A11,18.0,A30,2622.0,4.0,4.0,34.0,1.0,2.0,1
A11,24.0,A30,4351.0,1.0,4.0,48.0,1.0,2.0,1
A11,6.0,A30,368.0,4.0,4.0,38.0,1.0,2.0,1
A11,12.0,A30,754.0,4.0,4.0,38.0,2.0,2.0,1
A13,24.0,A31,2424.0,4.0,4.0,53.0,2.0,2.0,1
A11,48.0,A32,6681.0,4.0,4.0,38.0,1.0,1.0,1
A11,18.0,A32,2427.0,4.0,2.0,42.0,2.0,2.0,1
A11,24.0,A31,1216.0,4.0,4.0,38.0,2.0,1.0,0
A11,6.0,A30,753.0,2.0,3.0,64.0,1.0,2.0,1
A11,7.0,A30,2576.0,2.0,2.0,35.0,1.0,2.0,1
A11,6.0,A30,590.0,3.0,3.0,26.0,1.0,2.0,1
A11,8.0,A30,1414.0,4.0,2.0,33.0,1.0,2.0,1
A11,12.0,A30,1103.0,4.0,3.0,29.0,2.0,2.0,1
A11,12.0,A32,585.0,4.0,4.0,20.0,2.0,2.0,1
A11,6.0,A30,1068.0,4.0,4.0,28.0,1.0,1.0,1
A14,8.0,A31,713.0,4.0,4.0,47.0,2.0,2.0,1
A11,12.0,A30,1092.0,4.0,4.0,49.0,2.0,2.0,1
A11,7.0,A30,2329.0,1.0,1.0,45.0,1.0,2.0,1
A11,13.0,A31,882.0,4.0,4.0,23.0,2.0,2.0,1
A11,18.0,A30,866.0,4.0,2.0,25.0,1.0,2.0,1
A11,7.0,A30,2415.0,3.0,2.0,34.0,1.0,2.0,1
A11,13.0,A30,2101.0,2.0,4.0,23.0,1.0,2.0,1
A11,18.0,A30,1301.0,4.0,2.0,32.0,1.0,2.0,1
A11,18.0,A30,1113.0,4.0,4.0,26.0,1.0,1.0,1
A11,8.0,A30,760.0,4.0,2.0,44.0,1.0,2.0,1
A11,12.0,A30,625.0,4.0,1.0,26.0,1.0,2.0,1
A12,6.0,A31,1323.0,2.0,4.0,28.0,2.0,1.0,1
A14,9.0,A31,1138.0,4.0,4.0,25.0,2.0,2.0,1
A11,18.0,A31,1795.0,3.0,4.0,48.0,2.0,2.0,1
A11,15.0,A31,2728.0,4.0,2.0,35.0,3.0,2.0,1
A11,6.0,A30,484.0,3.0,3.0,28.0,1.0,2.0,1
A11,10.0,A34,1048.0,4.0,4.0,23.0,1.0,2.0,1
A11,12.0,A30,1155.0,3.0,3.0,40.0,2.0,2.0,1
A11,20.0,A32,7057.0,3.0,4.0,36.0,2.0,1.0,1
A11,15.0,A31,1537.0,4.0,4.0,50.0,2.0,2.0,1
A14,12.0,A30,2214.0,4.0,3.0,24.0,1.0,2.0,1
A13,24.0,A31,1585.0,4.0,3.0,40.0,2.0,2.0,1
A11,10.0,A30,1521.0,4.0,2.0,31.0,1.0,2.0,1
A11,36.0,A34,3990.0,3.0,2.0,29.0,1.0,2.0,1
A12,18.0,A30,3049.0,1.0,1.0,45.0,1.0,2.0,1
A14,24.0,A30,1282.0,4.0,2.0,32.0,1.0,2.0,0
A13,60.0,A30,10144.0,2.0,4.0,21.0,1.0,2.0,1
A14,12.0,A30,1168.0,4.0,3.0,27.0,1.0,2.0,1
A11,6.0,A30,454.0,3.0,1.0,22.0,1.0,2.0,1
A13,15.0,A32,3594.0,1.0,2.0,46.0,2.0,2.0,1
A13,12.0,A30,1768.0,3.0,2.0,24.0,1.0,2.0,1
A13,60.0,A32,15653.0,2.0,4.0,21.0,2.0,2.0,1
A12,12.0,A32,2247.0,2.0,2.0,36.0,2.0,2.0,1
A13,24.0,A30,1413.0,4.0,2.0,28.0,1.0,2.0,1
A11,45.0,A31,4576.0,3.0,4.0,27.0,1.0,2.0,1
A14,24.0,A31,1231.0,4.0,4.0,57.0,2.0,2.0,1
A14,36.0,A30,8335.0,3.0,4.0,47.0,1.0,2.0,0
A11,36.0,A31,5800.0,3.0,4.0,34.0,2.0,2.0,1
A14,18.0,A32,8471.0,1.0,2.0,23.0,2.0,2.0,1
A14,30.0,A30,3622.0,4.0,4.0,57.0,2.0,2.0,1
A14,6.0,A31,1169.0,4.0,4.0,67.0,2.0,2.0,1
A13,15.0,A30,1262.0,4.0,3.0,36.0,2.0,2.0,1
A12,24.0,A31,3617.0,4.0,4.0,20.0,2.0,2.0,1
A11,30.0,A31,2181.0,4.0,4.0,36.0,2.0,2.0,1
A14,48.0,A34,7685.0,2.0,4.0,37.0,1.0,2.0,0
A13,48.0,A31,6110.0,1.0,3.0,31.0,1.0,2.0,1
A13,24.0,A30,3757.0,4.0,4.0,62.0,1.0,2.0,1
A14,42.0,A31,3394.0,4.0,4.0,65.0,2.0,2.0,1
A13,36.0,A31,6304.0,4.0,4.0,36.0,2.0,2.0,1
A13,9.0,A31,1244.0,4.0,4.0,41.0,2.0,2.0,1
A13,6.0,A30,3518.0,2.0,3.0,26.0,1.0,2.0,1
A13,36.0,A33,2613.0,4.0,2.0,27.0,2.0,2.0,1
A14,48.0,A30,7476.0,4.0,1.0,50.0,1.0,2.0,1
A13,24.0,A30,4591.0,2.0,3.0,54.0,3.0,2.0,0
A11,18.0,A30,1924.0,4.0,3.0,27.0,1.0,2.0,0
A11,72.0,A30,5595.0,2.0,2.0,24.0,1.0,2.0,0
A11,48.0,A32,6224.0,4.0,4.0,50.0,1.0,2.0,0
A12,15.0,A30,1905.0,4.0,4.0,40.0,1.0,2.0,1
A13,21.0,A32,2993.0,3.0,2.0,28.0,2.0,2.0,1
A13,36.0,A32,8947.0,3.0,2.0,31.0,1.0,1.0,1
A14,24.0,A30,4020.0,2.0,2.0,27.0,1.0,2.0,1
A11,18.0,A30,2779.0,1.0,3.0,21.0,1.0,2.0,1
A13,21.0,A30,2782.0,1.0,2.0,31.0,1.0,2.0,1
A13,12.0,A30,1884.0,4.0,4.0,39.0,1.0,2.0,1
A13,36.0,A31,11054.0,4.0,2.0,30.0,1.0,2.0,1
A11,60.0,A32,9157.0,2.0,2.0,27.0,1.0,2.0,1
A11,42.0,A34,9283.0,1.0,2.0,55.0,1.0,2.0,1
A13,60.0,A30,6527.0,4.0,4.0,34.0,1.0,1.0,1
A13,15.0,A31,3368.0,3.0,4.0,23.0,2.0,2.0,1
A14,15.0,A30,2511.0,1.0,4.0,23.0,1.0,2.0,1
A14,36.0,A30,5493.0,2.0,4.0,42.0,1.0,1.0,1
A13,6.0,A30,1338.0,1.0,4.0,62.0,1.0,2.0,1
A11,9.0,A30,1082.0,4.0,4.0,37.0,2.0,2.0,1
A13,18.0,A31,1149.0,4.0,3.0,46.0,2.0,2.0,1
A11,15.0,A30,1308.0,4.0,4.0,38.0,2.0,2.0,1
A11,20.0,A33,6148.0,3.0,4.0,31.0,2.0,2.0,1
A13,12.0,A30,1736.0,3.0,4.0,31.0,1.0,2.0,1
A13,12.0,A30,3059.0,2.0,4.0,61.0,1.0,2.0,1
A14,24.0,A30,2996.0,2.0,4.0,20.0,1.0,2.0,0
A13,30.0,A31,7596.0,1.0,4.0,63.0,2.0,2.0,1
A13,30.0,A30,4811.0,2.0,4.0,24.0,1.0,2.0,1
A13,6.0,A30,1766.0,1.0,2.0,21.0,1.0,2.0,1
A11,24.0,A30,2760.0,4.0,4.0,36.0,1.0,2.0,1
A13,24.0,A31,5507.0,3.0,4.0,44.0,2.0,2.0,1
A11,9.0,A30,1199.0,4.0,4.0,67.0,2.0,2.0,1
A12,24.0,A30,2892.0,3.0,4.0,51.0,1.0,2.0,1
A11,36.0,A32,2862.0,4.0,3.0,30.0,1.0,2.0,1
A14,9.0,A30,654.0,4.0,3.0,28.0,1.0,2.0,0
A11,9.0,A31,1136.0,4.0,3.0,32.0,2.0,1.0,0
A11,24.0,A30,4113.0,3.0,4.0,28.0,1.0,2.0,0
A11,6.0,A30,14555.0,1.0,2.0,23.0,1.0,2.0,0
A14,15.0,A33,950.0,4.0,3.0,33.0,2.0,1.0,0
A14,24.0,A31,1199.0,4.0,4.0,60.0,2.0,2.0,0
A14,12.0,A33,1082.0,4.0,4.0,48.0,2.0,2.0,0
A11,30.0,A30,2150.0,4.0,2.0,24.0,1.0,2.0,0
A11,36.0,A31,2820.0,4.0,4.0,27.0,2.0,2.0,0
A11,48.0,A30,3060.0,4.0,4.0,28.0,2.0,2.0,0
A14,18.0,A30,2600.0,4.0,4.0,65.0,2.0,2.0,0
A13,21.0,A33,5003.0,1.0,4.0,29.0,2.0,2.0,0
A11,60.0,A30,6288.0,4.0,4.0,42.0,1.0,2.0,0
A13,24.0,A32,2538.0,4.0,4.0,47.0,2.0,1.0,0
A13,9.0,A30,1478.0,4.0,2.0,22.0,1.0,2.0,0
A11,39.0,A31,4933.0,2.0,2.0,25.0,2.0,2.0,0
A13,18.0,A31,1530.0,3.0,2.0,32.0,2.0,2.0,0
A11,9.0,A34,1437.0,2.0,3.0,29.0,1.0,2.0,0
A14,15.0,A30,1275.0,4.0,2.0,24.0,1.0,2.0,0
A14,24.0,A30,1823.0,4.0,2.0,30.0,1.0,1.0,0
A14,9.0,A30,1422.0,3.0,2.0,27.0,1.0,2.0,0
A14,18.0,A30,1217.0,4.0,3.0,47.0,1.0,2.0,0
A14,36.0,A30,9271.0,2.0,1.0,24.0,1.0,2.0,0
A14,36.0,A32,2145.0,2.0,1.0,24.0,2.0,2.0,0
A14,36.0,A30,1842.0,4.0,4.0,34.0,1.0,2.0,0
A11,18.0,A32,4297.0,4.0,3.0,40.0,1.0,2.0,0
A14,6.0,A31,3384.0,1.0,4.0,44.0,1.0,2.0,0
A11,18.0,A31,1245.0,4.0,2.0,33.0,1.0,2.0,0
A13,15.0,A30,4623.0,3.0,2.0,40.0,1.0,2.0,0
A11,30.0,A31,8386.0,2.0,2.0,49.0,1.0,2.0,0
A14,24.0,A32,1024.0,4.0,4.0,48.0,1.0,2.0,0
A11,36.0,A30,14318.0,4.0,2.0,57.0,1.0,2.0,0
A11,6.0,A34,433.0,4.0,2.0,24.0,1.0,1.0,0
A14,12.0,A34,2149.0,4.0,1.0,29.0,1.0,2.0,0
A13,24.0,A30,2397.0,3.0,2.0,35.0,2.0,2.0,0
A11,6.0,A34,931.0,1.0,1.0,32.0,1.0,2.0,0
A11,15.0,A32,1512.0,3.0,3.0,61.0,2.0,2.0,0
A11,24.0,A33,4241.0,1.0,4.0,36.0,3.0,2.0,0
A11,24.0,A31,4736.0,2.0,4.0,25.0,1.0,2.0,0
A11,15.0,A33,1778.0,2.0,1.0,26.0,2.0,2.0,0
A12,15.0,A30,2327.0,2.0,3.0,25.0,1.0,2.0,0
A14,24.0,A34,6872.0,2.0,1.0,55.0,1.0,2.0,0
A14,12.0,A30,795.0,4.0,4.0,53.0,1.0,2.0,0
A12,30.0,A32,1908.0,4.0,4.0,66.0,1.0,2.0,0
A11,36.0,A33,1953.0,4.0,4.0,61.0,1.0,2.0,0
A12,18.0,A30,2864.0,2.0,1.0,34.0,1.0,1.0,0
A12,21.0,A31,2319.0,2.0,1.0,33.0,1.0,2.0,0
A14,24.0,A30,915.0,4.0,2.0,29.0,1.0,2.0,0
A12,24.0,A30,947.0,4.0,3.0,38.0,1.0,1.0,0
A14,24.0,A30,1381.0,4.0,2.0,35.0,1.0,2.0,0
A14,24.0,A30,1285.0,4.0,4.0,32.0,1.0,2.0,0
A14,24.0,A30,1371.0,4.0,4.0,25.0,1.0,2.0,0
A11,18.0,A30,1042.0,4.0,2.0,33.0,1.0,2.0,0
A14,12.0,A30,900.0,4.0,2.0,23.0,1.0,2.0,0
A14,24.0,A30,1207.0,4.0,4.0,24.0,1.0,2.0,0
A11,18.0,A33,2278.0,3.0,3.0,28.0,2.0,2.0,0
A14,60.0,A32,6836.0,3.0,4.0,63.0,2.0,2.0,0
A14,24.0,A30,3345.0,4.0,2.0,39.0,1.0,2.0,0
A14,6.0,A34,1198.0,4.0,4.0,35.0,1.0,2.0,0
A11,48.0,A30,15672.0,2.0,2.0,23.0,1.0,2.0,0
A14,60.0,A30,7297.0,4.0,4.0,36.0,1.0,2.0,0
A13,18.0,A30,1943.0,4.0,4.0,23.0,1.0,2.0,0
A14,18.0,A30,3190.0,2.0,2.0,24.0,1.0,2.0,0
A11,9.0,A34,5129.0,2.0,4.0,74.0,1.0,1.0,0
A13,18.0,A32,1808.0,4.0,1.0,22.0,1.0,2.0,0
A12,10.0,A30,1240.0,1.0,4.0,48.0,1.0,1.0,0
A14,12.0,A30,759.0,4.0,2.0,26.0,1.0,2.0,0
A11,8.0,A30,1237.0,3.0,4.0,24.0,1.0,2.0,0
A13,9.0,A30,1980.0,2.0,2.0,19.0,2.0,2.0,0
A11,48.0,A30,10961.0,1.0,2.0,27.0,2.0,2.0,0
A14,36.0,A32,6887.0,4.0,3.0,29.0,1.0,2.0,0
A14,24.0,A30,1938.0,4.0,3.0,32.0,1.0,2.0,0
A14,21.0,A30,1835.0,3.0,2.0,25.0,2.0,2.0,0
A14,24.0,A32,1659.0,4.0,2.0,29.0,1.0,2.0,0
A11,6.0,A32,1209.0,4.0,4.0,47.0,1.0,2.0,0
A11,48.0,A33,3844.0,4.0,4.0,34.0,1.0,1.0,0
A14,12.0,A31,4843.0,3.0,4.0,43.0,2.0,2.0,0
A11,12.0,A30,639.0,4.0,2.0,30.0,1.0,2.0,0
A11,48.0,A30,5951.0,2.0,2.0,22.0,1.0,2.0,0
A11,36.0,A33,3804.0,4.0,1.0,42.0,1.0,2.0,0
A13,36.0,A32,4463.0,4.0,2.0,26.0,2.0,2.0,0
A13,36.0,A32,7980.0,4.0,4.0,27.0,2.0,2.0,0
A12,36.0,A30,4210.0,4.0,2.0,26.0,1.0,2.0,0
A13,6.0,A30,4611.0,1.0,4.0,32.0,1.0,2.0,0
A11,24.0,A30,11560.0,1.0,4.0,23.0,2.0,2.0,0
A13,18.0,A33,4165.0,2.0,2.0,36.0,2.0,1.0,0
A11,24.0,A30,4057.0,3.0,3.0,43.0,1.0,2.0,0
A13,18.0,A34,6458.0,2.0,4.0,39.0,2.0,1.0,0
A13,12.0,A30,1386.0,2.0,2.0,26.0,1.0,2.0,0
A14,36.0,A30,1977.0,4.0,4.0,40.0,1.0,2.0,0
A11,18.0,A31,1928.0,2.0,2.0,31.0,2.0,2.0,0
A13,12.0,A30,1123.0,4.0,4.0,29.0,1.0,2.0,0
A11,24.0,A30,11328.0,2.0,3.0,29.0,2.0,2.0,0
A11,24.0,A31,11938.0,2.0,3.0,39.0,2.0,1.0,0
A11,27.0,A31,2520.0,4.0,2.0,23.0,2.0,2.0,0
A11,30.0,A32,1919.0,4.0,3.0,30.0,2.0,2.0,0
A11,60.0,A34,14782.0,3.0,4.0,60.0,2.0,2.0,0
A11,36.0,A30,2671.0,4.0,4.0,50.0,1.0,2.0,0
A11,36.0,A30,12612.0,1.0,4.0,47.0,1.0,1.0,0
A11,45.0,A30,3031.0,4.0,4.0,21.0,1.0,2.0,0
A14,12.0,A34,626.0,4.0,4.0,24.0,1.0,2.0,0
A11,24.0,A31,1935.0,4.0,4.0,31.0,2.0,2.0,0
A12,24.0,A31,1344.0,4.0,2.0,37.0,2.0,1.0,0
A13,18.0,A30,1533.0,4.0,1.0,43.0,1.0,1.0,0
A14,48.0,A30,3931.0,4.0,4.0,46.0,1.0,1.0,0
A14,24.0,A34,3349.0,4.0,4.0,30.0,1.0,1.0,0
A14,36.0,A30,2302.0,4.0,4.0,31.0,1.0,2.0,0
A14,42.0,A30,3965.0,4.0,3.0,34.0,1.0,2.0,0
A14,12.0,A30,727.0,4.0,3.0,33.0,1.0,2.0,0
A13,48.0,A30,3914.0,4.0,2.0,38.0,1.0,2.0,0
A14,48.0,A30,4308.0,3.0,4.0,24.0,1.0,2.0,0
A11,12.0,A30,1534.0,1.0,1.0,23.0,1.0,2.0,0
A13,18.0,A31,2775.0,2.0,2.0,31.0,2.0,2.0,0
A14,40.0,A31,5998.0,4.0,3.0,27.0,1.0,2.0,0
A12,15.0,A31,1271.0,3.0,4.0,39.0,2.0,2.0,0
A11,12.0,A30,1295.0,3.0,1.0,25.0,1.0,2.0,0
A11,36.0,A30,9398.0,1.0,4.0,28.0,1.0,2.0,0
A11,12.0,A30,951.0,4.0,4.0,27.0,4.0,2.0,0
A11,24.0,A30,1355.0,3.0,4.0,25.0,1.0,2.0,0
A14,48.0,A30,3051.0,3.0,4.0,54.0,1.0,2.0,0
A13,36.0,A31,7855.0,4.0,2.0,25.0,2.0,2.0,0
A13,18.0,A30,433.0,3.0,4.0,22.0,1.0,2.0,0
A13,36.0,A32,9572.0,1.0,1.0,28.0,2.0,2.0,0
A11,24.0,A34,1837.0,4.0,4.0,34.0,1.0,2.0,0
A11,30.0,A31,4249.0,4.0,2.0,28.0,2.0,2.0,0
A11,30.0,A31,5234.0,4.0,2.0,28.0,2.0,2.0,0
A14,48.0,A30,6758.0,3.0,2.0,31.0,1.0,2.0,0
A14,9.0,A30,1366.0,3.0,4.0,22.0,1.0,2.0,0
A14,24.0,A34,1358.0,4.0,3.0,40.0,1.0,2.0,0
A14,18.0,A30,2473.0,4.0,1.0,25.0,1.0,2.0,0
A12,9.0,A33,1337.0,4.0,2.0,34.0,2.0,2.0,0
A14,48.0,A30,7763.0,4.0,4.0,42.0,1.0,2.0,0
A11,15.0,A34,1264.0,2.0,2.0,25.0,1.0,2.0,0
A11,15.0,A30,2631.0,2.0,4.0,28.0,2.0,2.0,0
A11,48.0,A30,6560.0,3.0,2.0,24.0,1.0,2.0,0
A14,24.0,A30,3123.0,4.0,1.0,27.0,1.0,2.0,0
A14,36.0,A31,8065.0,3.0,2.0,25.0,2.0,2.0,0
A14,24.0,A30,2439.0,4.0,4.0,35.0,1.0,2.0,0
A11,36.0,A30,9034.0,4.0,1.0,29.0,1.0,2.0,0
A11,60.0,A30,14027.0,4.0,2.0,27.0,1.0,2.0,0
A14,36.0,A31,9629.0,4.0,4.0,24.0,2.0,2.0,0
A11,12.0,A30,1484.0,2.0,1.0,25.0,1.0,2.0,0
A14,18.0,A30,1131.0,4.0,2.0,33.0,1.0,2.0,0
A11,24.0,A32,2064.0,3.0,2.0,34.0,1.0,2.0,0
A11,18.0,A30,12976.0,3.0,4.0,38.0,1.0,2.0,0
A13,21.0,A32,2580.0,4.0,2.0,41.0,1.0,1.0,0
A13,27.0,A30,2570.0,3.0,3.0,21.0,1.0,2.0,0
A11,27.0,A30,3915.0,4.0,2.0,36.0,1.0,1.0,0
A13,10.0,A30,1309.0,4.0,4.0,27.0,1.0,2.0,0
A14,24.0,A30,4817.0,2.0,3.0,31.0,1.0,2.0,0
A14,12.0,A30,2579.0,4.0,1.0,33.0,1.0,1.0,0
A11,36.0,A32,2225.0,4.0,4.0,57.0,2.0,2.0,0
A14,18.0,A30,4153.0,2.0,3.0,42.0,1.0,2.0,0
A14,18.0,A33,3114.0,1.0,4.0,26.0,1.0,2.0,0
A14,18.0,A31,2124.0,4.0,4.0,24.0,2.0,2.0,0
A14,18.0,A34,1553.0,4.0,3.0,44.0,1.0,2.0,0
A14,30.0,A30,2406.0,4.0,4.0,23.0,1.0,2.0,0
A14,24.0,A32,1333.0,4.0,2.0,43.0,2.0,1.0,0
A14,48.0,A33,7119.0,3.0,4.0,53.0,2.0,1.0,0
A14,24.0,A32,4870.0,3.0,4.0,53.0,2.0,1.0,0
A14,12.0,A31,691.0,4.0,3.0,35.0,2.0,2.0,0
A14,42.0,A32,4370.0,3.0,2.0,26.0,2.0,1.0,0
A14,36.0,A34,2746.0,4.0,4.0,31.0,1.0,2.0,0
A14,24.0,A33,4110.0,3.0,4.0,23.0,2.0,1.0,0
A14,18.0,A30,2462.0,2.0,2.0,22.0,1.0,2.0,0
A14,12.0,A30,1282.0,2.0,4.0,20.0,1.0,2.0,0
A11,12.0,A33,2969.0,4.0,3.0,25.0,2.0,2.0,0
A14,48.0,A33,4605.0,3.0,4.0,24.0,2.0,1.0,0
A14,48.0,A31,6331.0,4.0,4.0,46.0,2.0,2.0,0
A14,24.0,A34,3552.0,3.0,4.0,27.0,1.0,2.0,0
A14,12.0,A34,697.0,4.0,2.0,46.0,2.0,2.0,0
A14,24.0,A30,1442.0,4.0,4.0,23.0,2.0,2.0,0
A14,27.0,A33,5293.0,2.0,4.0,50.0,2.0,2.0,0
A14,21.0,A32,3414.0,2.0,1.0,26.0,2.0,2.0,0
A14,18.0,A30,2039.0,1.0,4.0,20.0,1.0,2.0,0
A14,24.0,A34,3161.0,4.0,2.0,31.0,1.0,2.0,0
A14,12.0,A30,902.0,4.0,4.0,21.0,1.0,2.0,0
A14,48.0,A30,10297.0,4.0,4.0,39.0,3.0,1.0,0
A11,48.0,A33,14421.0,2.0,2.0,25.0,1.0,2.0,0
A11,18.0,A31,1056.0,3.0,3.0,30.0,2.0,2.0,0
A14,12.0,A30,1274.0,3.0,1.0,37.0,1.0,2.0,0
A11,12.0,A30,1223.0,1.0,1.0,46.0,2.0,2.0,0
A14,12.0,A30,1372.0,2.0,3.0,36.0,1.0,2.0,0
A14,16.0,A31,2625.0,2.0,4.0,43.0,1.0,2.0,0
A14,20.0,A31,2235.0,4.0,2.0,33.0,2.0,2.0,0
A11,9.0,A30,959.0,1.0,2.0,29.0,1.0,2.0,0
A11,18.0,A31,884.0,4.0,4.0,36.0,1.0,1.0,0
A11,24.0,A30,1246.0,4.0,2.0,23.0,1.0,2.0,0
A11,36.0,A32,8086.0,2.0,4.0,42.0,4.0,2.0,0
A13,48.0,A31,10127.0,2.0,2.0,44.0,1.0,2.0,0
A11,12.0,A30,888.0,4.0,4.0,41.0,1.0,1.0,0
A13,12.0,A30,719.0,4.0,4.0,41.0,1.0,1.0,0
A11,36.0,A30,12389.0,1.0,4.0,37.0,1.0,2.0,0
A14,12.0,A30,709.0,4.0,4.0,57.0,1.0,2.0,0
A11,15.0,A34,6850.0,1.0,2.0,34.0,1.0,1.0,0
A13,10.0,A30,2210.0,2.0,2.0,25.0,1.0,2.0,0
A13,30.0,A34,7485.0,4.0,1.0,53.0,1.0,2.0,0
A14,18.0,A34,1442.0,4.0,4.0,32.0,2.0,1.0,0
A13,12.0,A31,797.0,4.0,3.0,33.0,1.0,1.0,0
A11,45.0,A31,4746.0,4.0,2.0,24.0,2.0,2.0,0
A12,12.0,A31,939.0,4.0,2.0,28.0,3.0,2.0,0
A11,21.0,A30,1188.0,2.0,4.0,39.0,1.0,1.0,0
A13,48.0,A31,11590.0,2.0,4.0,24.0,2.0,2.0,0
A12,12.0,A34,609.0,4.0,1.0,26.0,1.0,2.0,0
A14,18.0,A31,1190.0,2.0,4.0,55.0,3.0,1.0,0
A11,21.0,A30,2767.0,4.0,2.0,61.0,2.0,2.0,0
A11,30.0,A30,3441.0,2.0,4.0,21.0,1.0,2.0,0
A11,30.0,A33,4280.0,4.0,4.0,26.0,2.0,2.0,0
A11,24.0,A30,3092.0,3.0,2.0,22.0,1.0,2.0,0
A13,18.0,A30,6761.0,2.0,4.0,68.0,2.0,2.0,0
A11,12.0,A30,1331.0,2.0,1.0,22.0,1.0,2.0,0
A11,54.0,A33,15945.0,3.0,4.0,58.0,1.0,2.0,0
A14,24.0,A30,3234.0,4.0,4.0,23.0,1.0,2.0,0
A11,15.0,A30,802.0,4.0,3.0,37.0,1.0,1.0,0
A11,48.0,A30,9960.0,1.0,2.0,26.0,1.0,2.0,0
A13,24.0,A32,8648.0,2.0,2.0,27.0,2.0,2.0,0
A14,18.0,A30,1345.0,4.0,3.0,26.0,1.0,2.0,0
A14,45.0,A30,1845.0,4.0,4.0,23.0,1.0,2.0,0
A14,21.0,A34,1647.0,4.0,2.0,40.0,2.0,1.0,0
A13,48.0,A30,4844.0,3.0,2.0,33.0,1.0,2.0,0
A11,27.0,A33,8318.0,2.0,4.0,42.0,2.0,2.0,0
A12,18.0,A30,2100.0,4.0,2.0,37.0,1.0,2.0,0
A14,45.0,A33,11816.0,2.0,4.0,29.0,2.0,2.0,0
A14,6.0,A30,448.0,4.0,4.0,23.0,1.0,2.0,0
A14,30.0,A30,11998.0,1.0,1.0,34.0,1.0,2.0,0
A11,48.0,A33,18424.0,1.0,2.0,32.0,1.0,2.0,0
A14,6.0,A30,14896.0,1.0,4.0,68.0,1.0,2.0,0
A11,12.0,A30,2762.0,1.0,2.0,25.0,1.0,2.0,0
A14,12.0,A30,3386.0,3.0,4.0,35.0,1.0,2.0,0
A11,24.0,A30,2039.0,1.0,1.0,22.0,1.0,2.0,0
A13,18.0,A32,2169.0,4.0,2.0,28.0,1.0,2.0,0
A11,48.0,A31,5096.0,2.0,3.0,30.0,1.0,2.0,0
A14,18.0,A30,1882.0,4.0,4.0,25.0,2.0,2.0,0
A14,48.0,A30,6999.0,1.0,1.0,34.0,2.0,2.0,0
A13,12.0,A31,2292.0,4.0,2.0,42.0,2.0,2.0,0
A14,14.0,A30,8978.0,1.0,4.0,45.0,1.0,2.0,0
A14,12.0,A30,674.0,4.0,1.0,20.0,1.0,2.0,0
A14,18.0,A30,976.0,1.0,2.0,23.0,1.0,2.0,0
A11,24.0,A30,2718.0,3.0,4.0,20.0,1.0,2.0,0
A14,18.0,A30,750.0,4.0,1.0,27.0,1.0,2.0,0
A11,24.0,A30,12579.0,4.0,2.0,44.0,1.0,2.0,0
A14,18.0,A30,7511.0,1.0,4.0,51.0,1.0,1.0,0
A14,18.0,A31,3966.0,1.0,4.0,33.0,3.0,2.0,0
A14,12.0,A33,6199.0,4.0,2.0,28.0,2.0,2.0,0
A14,24.0,A30,1987.0,2.0,4.0,21.0,1.0,1.0,0
A14,24.0,A30,2303.0,4.0,1.0,45.0,1.0,2.0,0
A13,21.0,A31,12680.0,4.0,4.0,30.0,1.0,2.0,0
A11,12.0,A30,6468.0,2.0,1.0,52.0,1.0,2.0,0
A14,30.0,A30,6350.0,4.0,4.0,31.0,1.0,2.0,0
